model,accuracy,precision_macro,recall_macro,f1_macro,cv_f1_macro_mean,cv_f1_macro_std
Logistic Regression,0.6666666666666666,0.5666666666666667,0.625,0.5803571428571428,0.49337121212121215,0.12426248798639651
Calibrated Linear SVM,0.5555555555555556,0.5,0.5416666666666666,0.5178571428571428,0.48958333333333326,0.12629537138523067
Multinomial Naive Bayes,0.6666666666666666,0.6428571428571428,0.5833333333333333,0.5568181818181819,0.423076923076923,0.011102889792108196
